name,review
Apple 15 Pro,Struggles with some apps.
Apple 15 Pro,Best Apple phone I've ever used!
Apple 15 Pro,Exceptional display quality.
Apple 15 Pro,Excellent phone with great performance.
Apple 15 Pro,Exceptional display quality.
Apple 15 Pro,Sleek design and lightweight.
Apple 15 Pro,Not worth the upgrade.
Apple 15 Pro,Not worth the upgrade.
Apple 15 Pro,Battery life could be better.
Apple 15 Pro,Impressive build quality.
Apple 15 Pro,Not worth the upgrade.
Apple 15 Pro,Excellent phone with great performance.
Apple 15 Pro,Heating issues after extended usage.
Apple 15 Pro,"Good, but not a significant improvement from Apple 14."
Apple 15 Pro,Excellent phone with great performance.
Apple 15 Pro,Heating issues after extended usage.
Apple 15 Pro,Sleek design and lightweight.
Apple 15 Pro,Not worth the upgrade.
Apple 15 Pro,Sleek design and lightweight.
Apple 15 Pro,Charging speed could be faster.
Apple 15 Pro,Exceptional display quality.
Apple 15 Pro,Exceptional display quality.
Apple 15 Pro,Overpriced for the features offered.
Apple 15 Pro,Charging speed could be faster.
Apple 15 Pro,Heating issues after extended usage.
Apple 15 Pro,Battery life could be better.
Apple 15 Pro,Best Apple phone I've ever used!
Apple 15 Pro,"Good, but not a significant improvement from Apple 14."
Apple 15 Pro,Not worth the upgrade.
Apple 15 Pro,Amazing color options.
Apple 15,Struggles with some apps.
Apple 15,Best Apple phone I've ever used!
Apple 15,Exceptional display quality.
Apple 15,Excellent phone with great performance.
Apple 15,Exceptional display quality.
Apple 15,Sleek design and lightweight.
Apple 15,Not worth the upgrade.
Apple 15,Not worth the upgrade.
Apple 15,Battery life could be better.
Apple 15,Impressive build quality.
Apple 15,Not worth the upgrade.
Apple 15,Excellent phone with great performance.
Apple 15,Heating issues after extended usage.
Apple 15,"Good, but not a significant improvement from Apple 14."
Apple 15,Excellent phone with great performance.
Apple 15,Heating issues after extended usage.
Apple 15,Sleek design and lightweight.
Apple 15,Not worth the upgrade.
Apple 15,Sleek design and lightweight.
Apple 15,Charging speed could be faster.
Apple 15,Exceptional display quality.
Apple 15,Exceptional display quality.
Apple 15,Overpriced for the features offered.
Apple 15,Charging speed could be faster.
Apple 15,Heating issues after extended usage.
Apple 15,Battery life could be better.
Apple 15,Best Apple phone I've ever used!
Apple 15,"Good, but not a significant improvement from Apple 14."
Apple 15,Not worth the upgrade.
Apple 15,Amazing color options.
Apple 15 Pro Max,Struggles with some apps.
Apple 15 Pro Max,Best Apple phone I've ever used!
Apple 15 Pro Max,Exceptional display quality.
Apple 15 Pro Max,Excellent phone with great performance.
Apple 15 Pro Max,Exceptional display quality.
Apple 15 Pro Max,Sleek design and lightweight.
Apple 15 Pro Max,Not worth the upgrade.
Apple 15 Pro Max,Not worth the upgrade.
Apple 15 Pro Max,Battery life could be better.
Apple 15 Pro Max,Impressive build quality.
Apple 15 Pro Max,Not worth the upgrade.
Apple 15 Pro Max,Excellent phone with great performance.
Apple 15 Pro Max,Heating issues after extended usage.
Apple 15 Pro Max,"Good, but not a significant improvement from Apple 14."
Apple 15 Pro Max,Excellent phone with great performance.
Apple 15 Pro Max,Heating issues after extended usage.
Apple 15 Pro Max,Sleek design and lightweight.
Apple 15 Pro Max,Not worth the upgrade.
Apple 15 Pro Max,Sleek design and lightweight.
Apple 15 Pro Max,Charging speed could be faster.
Apple 15 Pro Max,Exceptional display quality.
Apple 15 Pro Max,Exceptional display quality.
Apple 15 Pro Max,Overpriced for the features offered.
Apple 15 Pro Max,Charging speed could be faster.
Apple 15 Pro Max,Heating issues after extended usage.
Apple 15 Pro Max,Battery life could be better.
Apple 15 Pro Max,Best Apple phone I've ever used!
Apple 15 Pro Max,"Good, but not a significant improvement from Apple 14."
Apple 15 Pro Max,Not worth the upgrade.
Apple 15 Pro Max,Amazing color options.
Apple 15 Mini,Struggles with some apps.
Apple 15 Mini,Best Apple phone I've ever used!
Apple 15 Mini,Exceptional display quality.
Apple 15 Mini,Excellent phone with great performance.
Apple 15 Mini,Exceptional display quality.
Apple 15 Mini,Sleek design and lightweight.
Apple 15 Mini,Not worth the upgrade.
Apple 15 Mini,Not worth the upgrade.
Apple 15 Mini,Battery life could be better.
Apple 15 Mini,Impressive build quality.
Apple 15 Mini,Not worth the upgrade.
Apple 15 Mini,Excellent phone with great performance.
Apple 15 Mini,Heating issues after extended usage.
Apple 15 Mini,"Good, but not a significant improvement from Apple 14."
Apple 15 Mini,Excellent phone with great performance.
Apple 15 Mini,Heating issues after extended usage.
Apple 15 Mini,Sleek design and lightweight.
Apple 15 Mini,Not worth the upgrade.
Apple 15 Mini,Sleek design and lightweight.
Apple 15 Mini,Charging speed could be faster.
Apple 15 Mini,Exceptional display quality.
Apple 15 Mini,Exceptional display quality.
Apple 15 Mini,Overpriced for the features offered.
Apple 15 Mini,Charging speed could be faster.
Apple 15 Mini,Heating issues after extended usage.
Apple 15 Mini,Battery life could be better.
Apple 15 Mini,Best Apple phone I've ever used!
Apple 15 Mini,"Good, but not a significant improvement from Apple 14."
Apple 15 Mini,Not worth the upgrade.
Apple 15 Mini,Amazing color options.
